AmazonRg_0.ttf => Amazone BT
Angelface.otf => Angelface
arial.ttf => Arial
arialbd.ttf => Arial Bold
arialbi.ttf => Arial Bold Italic
ariali.ttf => Arial Italic
Bebas Neue Regular 400.ttf => Bebas Neue Regular
BebasNeue-Bold.otf => Bebas Neue Bold
BENGUIAB.TTF => Benguiat Bold BT
Benguiat.ttf => Benguiat
benguini.ttf => Benguiat Book Italic BT
Birds of Paradise.ttf => Birds of Paradise - Personal use Only
BLKCHCRY.TTF => BlackChancery
BRLNSB.TTF => Berlin Sans FB Bold
BRLNSR.TTF => Berlin Sans FB
CALIBRI.TTF => Calibri
CALIBRIB_0.TTF => Calibri Bold
CALIBRII.TTF => Calibri Italic
CENSCBK.TTF => Century Schoolbook
CenturyGothicPaneuropeanBold.ttf => Century Gothic Paneuropean Bold
CenturyGothicPaneuropeanBoldItalic.ttf => Century Gothic Paneuropean Bold Italic
CenturyGothicPaneuropeanRegular.ttf => Century Gothic Paneuropean
ClickerScript-Regular.ttf => Clicker Script
CollegiateBlackFLF.ttf => CollegiateBlackFLF
CollegiateOutlineFLF.ttf => CollegiateOutlineFLF
Copperplate Gothic.ttf => CopprplGoth BT Roman
Courgette-Regular.ttf => Courgette Regular
Cowboy Rodeo W01 Regular.ttf => Cowboy Rodeo W01 Regular
freebooterscript.ttf => Freebooter Script
GARA.TTF => Garamond
Garamond3LTStd-Bold.otf => Garamond 3 LT Std Bold
Garamond3LTStd-BoldItalic.otf => Garamond 3 LT Std Bold Italic
Garamond3LTStd-Italic.otf => Garamond 3 LT Std Italic
Garamond3LTStd.otf => Garamond 3 LT Std
Graphik-Medium.otf => Graphik Medium
Graphik-MediumItalic.otf => Graphik Medium Italic
Graphik-Regular.otf => Graphik
Graphik-RegularItalic.otf => Graphik Regular Italic
Graphik-Semibold.otf => Graphik Semibold
Graphik-Thin.otf => Graphik Thin
Graphik-ThinItalic.otf => Graphik Thin Italic
Great Vibes.ttf => Great Vibes
HONEYSCL.TTF => Honey Script Light
HONEYSSB.TTF => Honey Script SemiBold
I Love Glitter.ttf => I Love Glitter
Lisbon-Script.otf => Lisbon Script Regular
machinen.ttf => Machine BT
Murray Hill Regular.ttf => Murray Hill Regular
OLDENGL.TTF => Old English Text MT
Planscribe NF W01 Regular.ttf => Planscribe NF W01 Regular
SCHLBKB.TTF => Century Schoolbook Bold
SCHLBKBI.TTF => Century Schoolbook Bold Italic
TIMES.TTF => Times New Roman
timesbd.ttf => Times New Roman Bold
timesbi.ttf => Times New Roman Bold Italic
timesi.ttf => Times New Roman Italic
TinplateTitlingBlack.ttf => TinplateTitlingBlack
Zapf Chancery Font.otf => ITC Zapf Chancery Roman
ZHUM601D.TTF => Zapf Humanist 601 Demi BT